Orden Libreta,date,id,obs,capture,burrow,sex,bmlac,mass,poke,Status,breeding1,breeding2,lact,repro,Notes
5232,10/18/2017,101,1,50,1,F,180.9,224.8,0,Recapture,Open,Not ,No,No,
5341,10/20/2017,101,2,51,1,F,180.9,233,0,Recapture,Open,Not ,No,No,
5469,10/23/2017,101,3,52,1,F,180.9,243.8,1,Recapture,Closed,Not ,No,No,
5518,10/24/2017,101,4,53,1,F,180.9,246.2,0,Recapture,Closed,Pregnant,No,Pregnant,
5556,10/25/2017,101,5,54,1,F,180.9,240.5,1,Recapture,Open,Pregnant,No,Pregnant,
5616,10/26/2017,101,6,55,1,F,180.9,239.9,1,Recapture,Closed,Pregnant,No,Pregnant,
5701,10/27/2017,101,7,56,1,F,180.9,249.8,1,Recapture,Open,Pregnant,No,Pregnant,
5743,10/28/2017,101,8,57,1,F,180.9,256.4,1,Recapture,Open,Pregnant,No,Pregnant,
5789,10/29/2017,101,9,58,1,F,180.9,253.9,1,Recapture,Open,Pregnant,No,Pregnant,
5854,10/30/2017,101,10,59,1,F,180.9,253.1,1,Recapture,Open,Pregnant,No,Pregnant,
5886,10/31/2017,101,11,60,1,F,180.9,154.7,1,Recapture,Open,Pregnant,No,Pregnant,
5903,11-02-17,101,12,61,1,F,180.9,261.1,1,Recapture,Open,Pregnant,No,Pregnant,
6192,11-09-17,101,13,62,25,F,180.9,108.9,0,Recapture,Open,Not ,Yes,Yes,
5237,10/18/2017,104,1,30,2,M,,143,1,Recapture,Black spines,Not ,No,m,
5615,10/26/2017,104,2,31,1,M,,140.2,0,Recapture,Black spines,Not ,No,m,
5700,10/27/2017,104,3,32,1,M,,146.1,0,Recapture,Black spines,Not ,No,m,
5744,10/28/2017,104,4,33,1,M,,139.4,1,Recapture,Black spines,Not ,No,m,
5855,10/30/2017,104,5,34,1,M,,135.4,0,Recapture,Black spines,Not ,No,m,
5883,10/31/2017,104,6,35,2,M,,140.4,0,Recapture,Black spines,Not ,No,m,
5974,11-03-17,104,7,36,1,M,,142.5,1,Recapture,Black spines,Not ,No,m,
6175,11-09-17,104,8,37,11,M,,151.2,0,Recapture,Black spines,Not ,No,m,
5337,10/20/2017,107,1,31,11,M,,130.8,1,Recapture,White spines,Not ,No,m,
5390,10/21/2017,107,2,32,11,M,,124.6,0,Recapture,White spines,Not ,No,m,
5519,10/24/2017,107,3,33,2,M,,131.7,0,Recapture,White spines,Not ,No,m,
5598,10/26/2017,107,4,34,11,M,,126.6,1,Recapture,White spines,Not ,No,m,
5709,10/27/2017,107,5,35,11,M,,120.9,1,Recapture,White spines,Not ,No,m,
5727,10/28/2017,107,6,36,11,M,,124.2,1,Recapture,White spines,Not ,No,m,
5825,10/30/2017,107,7,37,11,M,,126.6,1,Recapture,White spines,Not ,No,m,
5897,11-02-17,107,8,38,11,M,,126.8,1,Recapture,White spines,Not ,No,m,
5942,11-03-17,107,9,39,11,M,,132,1,Recapture,White spines,Not ,No,m,
6006,11-04-17,107,10,40,11,M,,129.6,1,Recapture,White spines,Not ,No,m,
6074,11-06-17,107,11,41,11,M,,128.2,1,Recapture,White spines,Not ,No,m,
6166,11-08-17,107,12,42,11,M,,131.1,1,Recapture,White spines,Not ,No,m,
6199,11-09-17,107,13,43,11,M,,132.5,0,Recapture,White spines,Not ,No,m,
5210,10/18/2017,108,1,33,10,F,149.6,155.7,1,Recapture,Open,Not ,Yes,Yes,
5299,10/19/2017,108,2,34,10,F,149.6,154.8,1,Recapture,Closed,Not ,Yes,Yes,
5335,10/20/2017,108,3,35,10,F,149.6,155.7,0,Recapture,Open,Not ,Yes,Yes,
5385,10/21/2017,108,4,36,10,F,149.6,153.4,1,Recapture,Closed,Not ,Yes,Yes,
5448,10/23/2017,108,5,37,10,F,149.6,156.5,1,Recapture,Closed,Not ,Yes,Yes,
5507,10/24/2017,108,6,38,10,F,149.6,156.4,1,Recapture,Closed,Not ,Yes,Yes,
5561,10/25/2017,108,7,39,10,F,149.6,160.4,1,Recapture,Closed,Not ,Yes,Yes,
5619,10/26/2017,108,8,40,10,F,149.6,157.8,1,Recapture,Closed,Not ,Yes,Yes,
5663,10/27/2017,108,9,41,10,F,149.6,153.1,1,Recapture,Closed,Not ,Yes,Yes,
5763,10/28/2017,108,10,42,10,F,149.6,155.6,1,Recapture,Closed,Not ,Yes,Yes,
5809,10/29/2017,108,11,43,10,F,149.6,150.9,1,Recapture,Closed,Not ,Yes,Yes,
5822,10/30/2017,108,12,44,10,F,149.6,153.9,1,Recapture,Closed,Not ,Yes,Yes,
5877,10/31/2017,108,13,45,10,F,149.6,156.5,1,Recapture,Closed,Not ,Yes,Yes,Lactating clear liquid.
5910,11-02-17,108,14,46,10,F,149.6,156.2,1,Recapture,Closed,Not ,Yes,Yes,
5961,11-03-17,108,15,47,10,F,149.6,159.4,1,Recapture,Closed,Not ,Yes,Yes,
6004,11-04-17,108,16,48,10,F,149.6,156.1,1,Recapture,Closed,Not ,Yes,Yes,
6045,11-05-17,108,17,49,10,F,149.6,155.2,1,Recapture,Closed,Not ,Yes,Yes,
6097,11-06-17,108,18,50,10,F,149.6,155.4,1,Recapture,Closed,Not ,Yes,Yes,
6144,11-08-17,108,19,51,10,F,149.6,159.1,1,Recapture,Closed,Not ,Yes,Yes,Lactating clear liquid.
6200,11-09-17,108,20,52,10,F,149.6,159.5,1,Recapture,Closed,Not ,Yes,Yes,Lactating clear liquid.
5209,10/18/2017,109,1,41,10,F,190.5,147.1,0,Recapture,Open,Not ,Yes,Yes,Lactating clear liquid.
5386,10/21/2017,109,2,42,10,F,190.5,255.4,0,Recapture,Open,Pregnant,No,Pregnant,
5562,10/25/2017,109,3,43,10,F,190.5,267,0,Recapture,Closed,Not ,No,Pregnant,
5608,10/26/2017,109,4,44,10,F,190.5,262.7,0,Recapture,Open,Pregnant,No,Pregnant,
5733,10/28/2017,109,5,45,10,F,190.5,268.4,0,Recapture,Open,Pregnant,No,Pregnant,
5851,10/30/2017,109,6,46,10,F,190.5,268.6,1,Recapture,Open,Pregnant,No,Pregnant,
5967,11-03-17,109,7,47,10,F,190.5,284.4,0,Recapture,Open,Pregnant,No,Pregnant,
6002,11-04-17,109,8,48,10,F,190.5,281.5,1,Recapture,Open,Pregnant,No,Pregnant,
6096,11-06-17,109,9,49,10,F,190.5,289.6,0,Recapture,Open,Pregnant,No,Pregnant,
6131,11-07-17,109,10,50,10,F,190.5,292.5,0,Recapture,Open,Pregnant,No,Pregnant,
6140,11-08-17,109,11,51,10,F,190.5,296.3,0,Recapture,Open,Pregnant,No,Pregnant,
6201,11-09-17,109,12,52,10,F,190.5,301.5,0,Recapture,Open,Pregnant,No,Pregnant,
5281,10/19/2017,110,1,20,27,M,,130.9,0,Recapture,Black spines,Not ,No,m,
5464,10/23/2017,110,2,22,27,M,,130.8,0,Recapture,Black spines,Not ,No,m,
5527,10/24/2017,110,3,23,27,M,,128.6,0,Recapture,Black spines,Not ,No,m,
5622,10/26/2017,110,4,24,27,M,,122.4,0,Recapture,Black spines,Not ,No,m,
5707,10/27/2017,110,5,25,27,M,,123.4,1,Recapture,Black spines,Not ,No,m,
5724,10/28/2017,110,6,26,27,M,,123.5,0,Recapture,Black spines,Not ,No,m,
5803,10/29/2017,110,7,27,27,M,,121.3,0,Recapture,Black spines,Not ,No,m,
5831,10/30/2017,110,8,28,27,M,,122.1,0,Recapture,Black spines,Not ,No,m,
5863,10/31/2017,110,9,29,27,M,,125.5,0,Recapture,Black spines,Not ,No,m,
5913,11-02-17,110,10,30,27,M,,127.8,0,Recapture,Black spines,Not ,No,m,
5971,11-03-17,110,11,31,27,M,,127.9,0,Recapture,Black spines,Not ,No,m,
6024,11-04-17,110,12,32,27,M,,127.3,1,Recapture,Black spines,Not ,No,m,
6073,11-06-17,110,13,33,27,M,,129.2,0,Recapture,Black spines,Not ,No,m,
6202,11-09-17,110,14,34,27,M,,131.7,0,Recapture,Black spines,Not ,No,m,
5216,10/18/2017,111,1,45,10,F,188.4,189.4,0,Recapture,Open,Not ,Yes,Yes,
5311,10/19/2017,111,2,46,14,F,188.4,195,1,Recapture,Open,Not ,Yes,Yes,
5345,10/20/2017,111,3,47,13,F,188.4,192.2,0,Recapture,Open,Not ,Yes,Yes,
5391,10/21/2017,111,4,48,13,F,188.4,193.8,0,Recapture,Open,Not ,Yes,Yes,
5451,10/23/2017,111,5,49,14,F,188.4,197.2,0,Recapture,Open,Not ,Yes,Yes,
5515,10/24/2017,111,6,50,13,F,188.4,199.6,0,Recapture,Open,Not ,Yes,Yes,
5580,10/25/2017,111,7,51,13,F,188.4,196.3,0,Recapture,Open,Not ,Yes,Yes,
5609,10/26/2017,111,8,52,13,F,188.4,202.1,0,Recapture,Open,Not ,Yes,Yes,
5664,10/27/2017,111,9,53,10,F,188.4,199.9,0,Recapture,Open,Not ,Yes,Yes,
5751,10/28/2017,111,10,54,14,F,188.4,198.1,1,Recapture,Open,Not ,Yes,Yes,
5802,10/29/2017,111,11,55,13,F,188.4,199.6,0,Recapture,Open,Not ,Yes,Yes,Lactating clear liquid.
5832,10/30/2017,111,12,56,13,F,188.4,200,1,Recapture,Open,Not ,Yes,Yes,Lactating clear liquid.
5880,10/31/2017,111,13,57,13,F,188.4,197.9,0,Recapture,Open,Not ,Yes,Yes,Lactating clear liquid.
5904,11-02-17,111,14,58,10,F,188.4,197,1,Recapture,Closed,Not ,Yes,Yes,Lactating clear liquid.
6020,11-04-17,111,15,59,13,F,188.4,182.8,0,Recapture,Open,Not ,No,No,
6060,11-05-17,111,16,60,13,F,188.4,180.2,1,Recapture,Open,Not ,No,No,
6105,11-06-17,111,17,61,10,F,188.4,180.1,1,Recapture,Open,Not ,No,No,
6136,11-07-17,111,18,62,14,F,188.4,178.4,0,Recapture,Open,Not ,No,No,
6180,11-09-17,111,19,64,13,F,188.4,187.3,0,Recapture,Open,Not ,No,No,
5221,10/18/2017,113,1,41,7,F,157.6,187.5,0,Recapture,Open,Not ,Yes,Yes,Lactating clear liquid.
5277,10/19/2017,113,2,42,7,F,157.6,189.7,0,Recapture,Closed,Not ,No,No,
5359,10/20/2017,113,3,43,7,F,157.6,186.5,0,Recapture,Open,Not ,No,No,
5462,10/23/2017,113,4,44,7,F,157.6,205.3,0,Recapture,Closed,Not ,No,No,
5524,10/24/2017,113,5,45,7,F,157.6,205.1,0,Recapture,Open,Not ,No,No,
5583,10/25/2017,113,6,46,7,F,157.6,201.8,0,Recapture,Open,Pregnant,No,Pregnant,
5620,10/26/2017,113,7,47,7,F,157.6,200.8,0,Recapture,Open,Pregnant,No,Pregnant,
5694,10/27/2017,113,8,48,7,F,157.6,207.4,0,Recapture,Open,Pregnant,No,Pregnant,
5804,10/29/2017,113,9,49,7,F,157.6,210.2,1,Recapture,Open,Not ,No,Pregnant,
5823,10/30/2017,113,10,50,7,F,157.6,212.8,0,Recapture,Closed,Pregnant,No,Pregnant,
5871,10/31/2017,113,11,51,7,F,157.6,182,0,Recapture,Open,Not ,No,No,
5892,11-02-17,113,12,52,7,F,157.6,186,0,Recapture,Open,Not ,Yes,Yes,Lactating clear liquid.
5975,11-03-17,113,13,53,7,F,157.6,185.7,0,Recapture,Open,Not ,Yes,Yes,Lactating clear liquid.
6056,11-05-17,113,14,54,7,F,157.6,178.2,0,Recapture,Open,Not ,Yes,Yes,Lactating clear liquid.
6107,11-07-17,113,15,55,7,F,157.6,171.8,0,Recapture,Open,Not ,No,No,
5907,11-02-17,114,1,31,9,M,,159.7,0,Recapture,Black spines,Not ,No,m,
5999,11-04-17,114,2,32,9,M,,160.9,0,Recapture,Black spines,Not ,No,m,
6036,11-05-17,114,3,33,9,M,,166.2,0,Recapture,Black spines,Not ,No,m,
6086,11-06-17,114,4,34,9,M,,159.8,0,Recapture,Black spines,Not ,No,m,
6130,11-07-17,114,5,35,9,M,,163.8,0,Recapture,Black spines,Not ,No,m,
6145,11-08-17,114,6,36,9,M,,161.7,0,Recapture,Black spines,Not ,No,m,
6179,11-09-17,114,7,37,9,M,,158.6,0,Recapture,Black spines,Not ,No,m,
5235,10/18/2017,117,1,46,6,F,133.2,130.2,0,Recapture,Closed,Not ,Yes,Yes,
5303,10/19/2017,117,2,47,6,F,133.2,130.1,0,Recapture,Closed,Not ,Yes,Yes,
5334,10/20/2017,117,3,48,6,F,133.2,135.4,0,Recapture,Closed,Not ,Yes,Yes,
5422,10/21/2017,117,4,49,6,F,133.2,130.5,1,Recapture,Closed,Not ,Yes,Yes,
5457,10/23/2017,117,5,50,6,F,133.2,131.1,0,Recapture,Closed,Not ,Yes,Yes,
5506,10/24/2017,117,6,51,6,F,133.2,137,0,Recapture,Closed,Not ,Yes,Yes,
5568,10/25/2017,117,7,52,6,F,133.2,131.8,0,Recapture,Closed,Not ,Yes,Yes,
5604,10/26/2017,117,8,53,6,F,133.2,132.4,0,Recapture,Closed,Not ,Yes,Yes,
5684,10/27/2017,117,9,54,6,F,133.2,146.1,0,Recapture,Closed,Not ,Yes,Yes,
5738,10/28/2017,117,10,55,6,F,133.2,135.5,0,Recapture,Closed,Not ,Yes,Yes,
5775,10/29/2017,117,11,56,6,F,133.2,129.2,0,Recapture,Closed,Not ,Yes,Yes,
5841,10/30/2017,117,12,57,6,F,133.2,133.1,0,Recapture,Closed,Not ,Yes,Yes,
5867,10/31/2017,117,13,58,6,F,133.2,137.6,0,Recapture,Closed,Not ,Yes,Yes,
6009,11-04-17,117,14,59,6,F,133.2,135.8,0,Recapture,Closed,Not ,Yes,Yes,
6058,11-05-17,117,15,60,6,F,133.2,140.4,0,Recapture,Closed,Not ,Yes,Yes,
6070,11-06-17,117,16,61,6,F,133.2,135.8,0,Recapture,Closed,Not ,Yes,Yes,
6178,11-09-17,117,17,62,6,F,133.2,135.2,0,Recapture,Closed,Not ,Yes,Yes,
5229,10/18/2017,119,1,23,26,F,183.2,240.9,0,Recapture,Open,Not ,No,No,
5285,10/19/2017,119,2,24,26,F,183.2,140.1,1,Recapture,Open,Not ,No,No,
5364,10/20/2017,119,3,25,26,F,183.2,241.3,0,Recapture,Open,Not ,No,No,
5529,10/24/2017,119,4,26,26,F,183.2,264.1,0,Recapture,Open,Pregnant,No,Pregnant,
5617,10/26/2017,119,5,27,20,F,183.2,257.7,1,Recapture,Open,Pregnant,No,Pregnant,
5747,10/28/2017,119,6,28,20,F,183.2,267.7,1,Recapture,Open,Pregnant,No,Pregnant,
5807,10/29/2017,119,7,29,26,F,183.2,267.1,0,Recapture,Open,Pregnant,No,Pregnant,
5885,10/31/2017,119,8,30,20,F,183.2,271.3,0,Recapture,Open,Pregnant,No,Pregnant,
5921,11-02-17,119,9,31,26,F,183.2,278.5,1,Recapture,Open,Pregnant,No,Pregnant,
6026,11-04-17,119,10,32,26,F,183.2,194,0,Recapture,Open,Not ,Yes,Yes,
6059,11-05-17,119,11,33,26,F,183.2,193.4,0,Recapture,Open,Not ,Yes,Yes,
6082,11-06-17,119,12,34,26,F,183.2,197.2,0,Recapture,Open,Not ,Yes,Yes,
6143,11-08-17,119,13,35,26,F,183.2,199.3,0,Recapture,Open,Not ,Yes,Yes,
6173,11-09-17,119,14,36,26,F,183.2,206.3,0,Recapture,Open,Not ,Yes,Yes,
5222,10/18/2017,120,1,13,29,M,,163.8,1,Recapture,Black spines,Not ,No,m,
5455,10/23/2017,120,2,14,29,M,,173.3,1,Recapture,Black spines,Not ,No,m,
5646,10/26/2017,120,3,15,29,M,,166.7,0,Recapture,Black spines,Not ,No,m,
5681,10/27/2017,120,4,16,29,M,,164.6,1,Recapture,Black spines,Not ,No,m,
5951,11-03-17,120,5,17,29,M,,176.5,1,Recapture,Black spines,Not ,No,m,
6069,11-06-17,120,6,18,29,M,,176.1,1,Recapture,Black spines,Not ,No,m,
6146,11-08-17,120,7,19,29,M,,170.5,1,Recapture,Black spines,Not ,No,m,
6207,11-09-17,120,8,20,29,M,,174,1,Recapture,Black spines,Not ,No,m,
5273,10/19/2017,121,1,30,9,F,131.1,133.8,0,Recapture,Closed,Not ,Yes,Yes,
5400,10/21/2017,121,2,31,8,F,131.1,128.3,0,Recapture,Closed,Not ,Yes,Yes,Lactating clear liquid.
5691,10/27/2017,121,3,32,9,F,131.1,134.9,0,Recapture,Closed,Not ,Yes,Yes,Lactating clear liquid.
5793,10/29/2017,121,4,33,8,F,131.1,133.6,0,Recapture,Closed,Not ,Yes,Yes,Lactating clear liquid.
5955,11-03-17,121,5,34,9,F,131.1,138.8,0,Recapture,Closed,Not ,No,No,
6092,11-06-17,121,6,35,9,F,131.1,137.7,0,Recapture,Closed,Not ,No,No,
6190,11-09-17,121,7,36,9,F,131.1,134.3,1,Recapture,Closed,Not ,No,No,
5215,10/18/2017,122,1,54,11,F,171.6,225.4,0,Recapture,Open,Not ,No,No,
5308,10/19/2017,122,2,55,11,F,171.6,227,0,Recapture,Open,Not ,No,No,
5338,10/20/2017,122,3,56,11,F,171.6,230.2,0,Recapture,Closed,Not ,No,No,
5388,10/21/2017,122,4,57,11,F,171.6,231.1,0,Recapture,Open,Pregnant,No,Pregnant,
5470,10/23/2017,122,5,58,11,F,171.6,236.6,0,Recapture,Open,Not ,No,Pregnant,
5500,10/24/2017,122,6,59,11,F,171.6,245.3,0,Recapture,Open,Pregnant,No,Pregnant,
5551,10/25/2017,122,7,60,11,F,171.6,138.9,0,Recapture,Open,Pregnant,No,Pregnant,
5602,10/26/2017,122,8,61,11,F,171.6,242.3,0,Recapture,Open,Pregnant,No,Pregnant,
5668,10/27/2017,122,9,62,11,F,171.6,146.3,0,Recapture,Open,Pregnant,No,Pregnant,
5737,10/28/2017,122,10,63,11,F,171.6,246.8,1,Recapture,Open,Pregnant,No,Pregnant,
5776,10/29/2017,122,11,64,11,F,171.6,246.2,0,Recapture,Open,Pregnant,No,Pregnant,
5827,10/30/2017,122,12,65,11,F,171.6,246.5,0,Recapture,Open,Pregnant,No,Pregnant,
5866,10/31/2017,122,13,66,11,F,171.6,148.4,0,Recapture,Open,Pregnant,No,Pregnant,
5896,11-02-17,122,14,67,11,F,171.6,249.5,0,Recapture,Open,Pregnant,No,Pregnant,
5940,11-03-17,122,15,68,11,F,171.6,253.9,0,Recapture,Open,Pregnant,No,Pregnant,
6007,11-04-17,122,16,69,11,F,171.6,256.8,1,Recapture,Open,Pregnant,No,Pregnant,
6037,11-05-17,122,17,70,11,F,171.6,261.6,0,Recapture,Open,Pregnant,No,Pregnant,
6075,11-06-17,122,18,71,11,F,171.6,264.1,0,Recapture,Open,Pregnant,No,Pregnant,
6186,11-09-17,122,19,72,11,F,171.6,176.3,0,Recapture,Open,Pregnant,No,Pregnant,
5226,10/18/2017,123,1,28,13,M,,152.5,0,Recapture,White spines,Not ,No,m,
5350,10/20/2017,123,2,29,14,M,,153.6,0,Recapture,White spines,Not ,No,m,
5387,10/21/2017,123,3,30,14,M,,153.3,0,Recapture,White spines,Not ,No,m,
5452,10/23/2017,123,4,31,14,M,,157.9,0,Recapture,White spines,Not ,No,m,
5517,10/24/2017,123,5,32,14,M,,161.2,0,Recapture,White spines,Not ,No,m,
5560,10/25/2017,123,6,33,13,M,,154.6,1,Recapture,White spines,Not ,No,m,
5688,10/27/2017,123,7,34,14,M,,157.6,0,Recapture,White spines,Not ,No,m,
5758,10/28/2017,123,8,35,13,M,,153.8,0,Recapture,White spines,Not ,No,m,
5787,10/29/2017,123,9,36,13,M,,154,0,Recapture,White spines,Not ,No,m,
5856,10/30/2017,123,10,37,14,M,,151.3,0,Recapture,White spines,Not ,No,m,
5872,10/31/2017,123,11,38,14,M,,154.5,0,Recapture,White spines,Not ,No,m,
5908,11-02-17,123,12,39,14,M,,154.3,1,Recapture,White spines,Not ,No,m,
5977,11-03-17,123,13,40,13,M,,168.1,1,Recapture,White spines,Not ,No,m,
6029,11-04-17,123,14,41,13,M,,14.3,0,Recapture,White spines,Not ,No,m,
6046,11-05-17,123,15,42,13,M,,156.7,0,Recapture,White spines,Not ,No,m,
6095,11-06-17,123,16,43,13,M,,157.2,1,Recapture,White spines,Not ,No,m,
6113,11-07-17,123,17,44,13,M,,156,0,Recapture,White spines,Not ,No,m,
5525,10/24/2017,124,1,14,7,M,,166.1,0,Recapture,White spines,Not ,No,m,
5755,10/28/2017,124,2,15,7,M,,164.3,0,Recapture,White spines,Not ,No,m,
5898,11-02-17,124,3,16,30,M,,164.7,1,Recapture,White spines,Not ,No,m,Bulge-right side groin. May affect AGD
6001,11-04-17,124,4,17,27,M,,165.1,1,Recapture,White spines,Not ,No,m,Bulge-right side groin. May affect AGD
5225,10/18/2017,125,1,37,8,F,150.7,164.2,0,Recapture,Closed,Not ,Yes,Yes,Lactating clear liquid.
5283,10/19/2017,125,2,38,9,F,150.7,159.2,0,Recapture,Closed,Not ,Yes,Yes,Lactating clear liquid.
5354,10/20/2017,125,3,39,9,F,150.7,161.3,1,Recapture,Open,Not ,No,No,
5392,10/21/2017,125,4,40,9,F,150.7,157.4,0,Recapture,Closed,Not ,Yes,Yes,Lactating clear liquid.
5440,10/23/2017,125,5,41,9,F,150.7,165.8,0,Recapture,Closed,Not ,Yes,Yes,
5495,10/24/2017,125,6,42,9,F,150.7,169.8,1,Recapture,Open,Not ,No,No,
5566,10/25/2017,125,7,43,9,F,150.7,168.9,1,Recapture,Closed,Not ,No,No,
5624,10/26/2017,125,8,44,9,F,150.7,163.8,0,Recapture,Closed,Not ,No,No,
5677,10/27/2017,125,9,45,8,F,150.7,171.8,0,Recapture,Open,Not ,No,No,
5771,10/29/2017,125,10,46,9,F,150.7,159.9,0,Recapture,Open,Not ,No,No,
5884,10/31/2017,125,11,47,9,F,150.7,161.1,1,Recapture,Closed,Not ,No,No,
5893,11-02-17,125,12,48,8,F,150.7,165,0,Recapture,Closed,Not ,No,No,
5962,11-03-17,125,13,49,9,F,150.7,162.5,0,Recapture,Closed,Not ,No,No,
5998,11-04-17,125,14,50,8,F,150.7,162,1,Recapture,Closed,Not ,No,No,
6040,11-05-17,125,15,51,9,F,150.7,164.8,0,Recapture,Closed,Not ,No,No,
6084,11-06-17,125,16,52,9,F,150.7,163.5,0,Recapture,Closed,Not ,No,No,
6129,11-07-17,125,17,53,8,F,150.7,165.6,1,Recapture,Closed,Not ,No,No,
6165,11-08-17,125,18,54,9,F,150.7,165.4,0,Recapture,Closed,Not ,No,No,
6189,11-09-17,125,19,55,8,F,150.7,164.2,0,Recapture,Closed,Not ,No,No,
5227,10/18/2017,127,1,37,30,F,153.6,171.4,1,Recapture,Closed,Not ,Yes,Yes,Lactating clear liquid.
5282,10/19/2017,127,2,38,30,F,153.6,170.3,0,Recapture,Closed,Not ,Yes,Yes,Lactating clear liquid.
5340,10/20/2017,127,3,39,30,F,153.6,168.9,0,Recapture,Open,Not ,Yes,Yes,Lactating clear liquid.
5398,10/21/2017,127,4,40,30,F,153.6,170.8,0,Recapture,Open,Not ,Yes,Yes,Lactating clear liquid.
5463,10/23/2017,127,5,41,30,F,153.6,175.4,0,Recapture,Closed,Not ,Yes,Yes,Lactating clear liquid.
5526,10/24/2017,127,6,42,30,F,153.6,180.9,0,Recapture,Closed,Not ,Yes,Yes,Lactating clear liquid.
5584,10/25/2017,127,7,43,30,F,153.6,176.2,0,Recapture,Closed,Not ,Yes,Yes,Lactating clear liquid.
5621,10/26/2017,127,8,44,27,F,153.6,178.9,0,Recapture,Closed,Not ,No,No,
5667,10/27/2017,127,9,45,30,F,153.6,183.2,0,Recapture,Closed,Not ,Yes,Yes,Lactating clear liquid.
5795,10/29/2017,127,10,46,27,F,153.6,180.1,0,Recapture,Open,Not ,No,No,
5864,10/31/2017,127,11,47,30,F,153.6,154.6,0,Recapture,Open,Not ,No,No,Uncollared
5905,11-02-17,127,12,48,27,F,153.6,159.9,0,Recapture,Open,Not ,No,No,
6078,11-06-17,127,13,49,27,F,153.6,161.5,0,Recapture,Open,Not ,No,No,
6111,11-07-17,127,14,50,27,F,153.6,156.3,0,Recapture,Open,Not ,No,No,
6162,11-08-17,127,15,51,27,F,153.6,156.2,0,Recapture,Open,Not ,No,No,
6188,11-09-17,127,16,52,27,F,153.6,155.4,0,Recapture,Open,Not ,No,No,
5211,10/18/2017,128,1,36,11,M,,127.3,1,Recapture,Black spines,Not ,No,m,
5309,10/19/2017,128,2,37,11,M,,124.8,1,Recapture,Black spines,Not ,No,m,
5336,10/20/2017,128,3,38,2,M,,127.7,1,Recapture,Black spines,Not ,No,m,
5393,10/21/2017,128,4,39,2,M,,124.6,1,Recapture,Black spines,Not ,No,m,
5559,10/25/2017,128,5,40,2,M,,126.9,0,Recapture,Black spines,Not ,No,m,
5614,10/26/2017,128,6,41,2,M,,128.6,1,Recapture,Black spines,Not ,No,m,
5674,10/27/2017,128,7,42,11,M,,129.8,0,Recapture,Black spines,Not ,No,m,
5742,10/28/2017,128,8,43,2,M,,126.4,0,Recapture,Black spines,Not ,No,m,
5792,10/29/2017,128,9,44,2,M,,124.8,0,Recapture,Black spines,Not ,No,m,
5826,10/30/2017,128,10,45,11,M,,125.3,0,Recapture,Black spines,Not ,No,m,
5941,11-03-17,128,11,47,11,M,,129.5,1,Recapture,Black spines,Not ,No,m,
6032,11-04-17,128,12,48,2,M,,129.1,1,Recapture,Black spines,Not ,No,m,
6038,11-05-17,128,13,49,11,M,,131.9,1,Recapture,Black spines,Not ,No,m,
6185,11-09-17,128,14,50,30,M,,132.6,1,Recapture,,Not ,No,m,
5203,10/18/2017,129,1,44,12,F,171.9,223.7,0,Recapture,Open,Not ,Yes,Yes,Lactating clear liquid.
5286,10/19/2017,129,2,45,12,F,171.9,224.3,0,Recapture,Open,Not ,Yes,Yes,Lactating clear liquid.
5367,10/20/2017,129,3,46,12,F,171.9,226.9,0,Recapture,Closed,Not ,No,No,
5401,10/21/2017,129,4,47,12,F,171.9,226.8,0,Recapture,Open,Pregnant,No,Pregnant,
5441,10/23/2017,129,5,48,12,F,171.9,238.6,1,Recapture,Closed,Not ,No,Pregnant,
5530,10/24/2017,129,6,49,12,F,171.9,142.5,0,Recapture,Open,Pregnant,No,Pregnant,
5570,10/25/2017,129,7,50,12,F,171.9,124.8,0,Recapture,Closed,Pregnant,No,Pregnant,
5645,10/26/2017,129,8,51,12,F,171.9,237.3,0,Recapture,Open,Pregnant,No,Pregnant,
5679,10/27/2017,129,9,52,12,F,171.9,242.8,0,Recapture,Open,Pregnant,No,Pregnant,
5745,10/28/2017,129,10,53,12,F,171.9,243.9,0,Recapture,Open,Pregnant,No,Pregnant,
5811,10/29/2017,129,11,54,12,F,171.9,245.9,0,Recapture,Open,Pregnant,No,Pregnant,
5845,10/30/2017,129,12,55,12,F,171.9,244.8,0,Recapture,Closed,Pregnant,No,Pregnant,
5876,10/31/2017,129,13,56,12,F,171.9,250.9,0,Recapture,Open,Pregnant,No,Pregnant,
5920,11-02-17,129,14,57,12,F,171.9,259.9,0,Recapture,Open,Pregnant,No,Pregnant,
5949,11-03-17,129,15,58,12,F,171.9,268.7,0,Recapture,Open,Pregnant,No,Pregnant,
5993,11-04-17,129,16,59,12,F,171.9,270.2,0,Recapture,Open,Pregnant,No,Pregnant,
6049,11-05-17,129,17,60,12,F,171.9,270.9,0,Recapture,Open,Pregnant,No,Pregnant,
6106,11-06-17,129,18,61,12,F,171.9,274.8,0,Recapture,Open,Pregnant,No,Pregnant,
6148,11-08-17,129,19,62,12,F,171.9,204.6,0,Recapture,Open,Not ,Yes,Yes,
6197,11-09-17,129,20,63,12,F,171.9,204,0,Recapture,Open,Not ,Yes,Yes,
5236,10/18/2017,131,1,42,6,F,147,141.5,1,Recapture,Open,Not ,No,No,
5310,10/19/2017,131,2,43,6,F,147,143.5,1,Recapture,Open,Not ,Yes,Yes,
5419,10/21/2017,131,3,44,6,F,147,144.6,0,Recapture,Closed,Not ,Yes,Yes,
5456,10/23/2017,131,4,45,6,F,147,142.6,1,Recapture,Closed,Not ,Yes,Yes,
5505,10/24/2017,131,5,46,6,F,147,147.7,0,Recapture,Closed,Not ,Yes,Yes,
5599,10/26/2017,131,6,47,6,F,147,147.9,1,Recapture,Closed,Not ,Yes,Yes,
5687,10/27/2017,131,7,48,6,F,147,147,0,Recapture,Closed,Not ,Yes,Yes,
5739,10/28/2017,131,8,49,6,F,147,145.9,0,Recapture,Closed,Not ,Yes,Yes,
5850,10/30/2017,131,9,50,6,F,147,146.9,0,Recapture,Closed,Not ,Yes,Yes,
5865,10/31/2017,131,10,51,6,F,147,147.2,0,Recapture,Closed,Not ,Yes,Yes,
5923,11-02-17,131,11,52,6,F,147,147.3,1,Recapture,Closed,Not ,Yes,Yes,Lactating clear liquid.
5948,11-03-17,131,12,53,6,F,147,148.1,0,Recapture,Closed,Not ,Yes,Yes,Lactating clear liquid.
6008,11-04-17,131,13,54,6,F,147,146,0,Recapture,Closed,Not ,Yes,Yes,Lactating clear liquid.
6057,11-05-17,131,14,55,6,F,147,152.8,0,Recapture,Closed,Not ,Yes,Yes,Lactating clear liquid.
6071,11-06-17,131,15,56,6,F,147,150,0,Recapture,Closed,Not ,Yes,Yes,Lactating clear liquid.
6176,11-09-17,131,16,57,6,F,147,155.1,0,Recapture,Closed,Not ,Yes,Yes,Lactating clear liquid.
5212,10/18/2017,132,1,44,13,F,145.2,185.4,0,Recapture,Open,Not ,No,No,
5304,10/19/2017,132,2,45,14,F,145.2,182.4,1,Recapture,Closed,Not ,No,No,
5368,10/20/2017,132,3,46,14,F,145.2,180.6,1,Recapture,Closed,Not ,No,No,
5384,10/21/2017,132,4,47,13,F,145.2,182.4,0,Recapture,Open,Not ,No,No,
5453,10/23/2017,132,5,48,13,F,145.2,194.6,1,Recapture,Closed,Not ,No,No,
5514,10/24/2017,132,6,49,14,F,145.2,194.7,0,Recapture,Open,Pregnant,No,Pregnant,
5574,10/25/2017,132,7,50,14,F,145.2,194.6,1,Recapture,Closed,Not ,No,Pregnant,
5610,10/26/2017,132,8,51,14,F,145.2,194.2,0,Recapture,Open,Not ,No,Pregnant,
5689,10/27/2017,132,9,52,13,F,145.2,196.5,0,Recapture,Closed,Pregnant,No,Pregnant,
5756,10/28/2017,132,10,53,13,F,145.2,198.5,1,Recapture,Open,Not ,No,Pregnant,
5801,10/29/2017,132,11,54,13,F,145.2,204.1,0,Recapture,Open,Pregnant,No,Pregnant,
5824,10/30/2017,132,12,55,13,F,145.2,204.8,1,Recapture,Closed,Pregnant,No,Pregnant,
5881,10/31/2017,132,13,56,13,F,145.2,207.5,0,Recapture,Closed,Pregnant,No,Pregnant,
5902,11-02-17,132,14,57,14,F,145.2,217.1,0,Recapture,Open,Pregnant,No,Pregnant,
5976,11-03-17,132,15,58,13,F,145.2,118.8,0,Recapture,Open,Pregnant,No,Pregnant,
6021,11-04-17,132,16,59,13,F,145.2,218.9,0,Recapture,Open,Pregnant,No,Pregnant,
6055,11-05-17,132,17,60,14,F,145.2,222.5,0,Recapture,Open,Pregnant,No,Pregnant,
6104,11-06-17,132,18,61,13,F,145.2,224.6,1,Recapture,Open,Pregnant,No,Pregnant,
6137,11-07-17,132,19,62,13,F,145.2,229.6,0,Recapture,Open,Pregnant,No,Pregnant,
6181,11-09-17,132,20,64,13,F,145.2,238.1,0,Recapture,Open,Pregnant,No,Pregnant,
5333,10/20/2017,135,1,50,11,F,139.4,165.6,0,Recapture,Open,Not ,Yes,Yes,
5389,10/21/2017,135,2,51,11,F,139.4,162.8,0,Recapture,Open,Not ,Yes,Yes,
5458,10/23/2017,135,3,52,6,F,139.4,167.5,0,Recapture,Closed,Not ,Yes,Yes,
5567,10/25/2017,135,4,53,11,F,139.4,166.7,0,Recapture,Closed,Not ,Yes,Yes,Lactating clear liquid.
5603,10/26/2017,135,5,54,11,F,139.4,165,0,Recapture,Open,Not ,Yes,Yes,Lactating clear liquid.
5705,10/27/2017,135,6,55,11,F,139.4,168.9,0,Recapture,Closed,Not ,Yes,Yes,Lactating clear liquid.
5740,10/28/2017,135,7,56,6,F,139.4,159,0,Recapture,Open,Not ,Yes,Yes,Lactating clear liquid.
5777,10/29/2017,135,8,57,6,F,139.4,150,0,Recapture,Open,Not ,Yes,Yes,Lactating clear liquid.
5895,11-02-17,135,9,58,11,F,139.4,148.8,1,Recapture,Open,Not ,No,No,
5947,11-03-17,135,10,59,11,F,139.4,150.2,0,Recapture,Open,Not ,No,No,
6010,11-04-17,135,11,60,11,F,139.4,150.1,0,Recapture,Closed,Not ,No,No,
6072,11-06-17,135,12,61,11,F,139.4,144.8,0,Recapture,Open,Not ,No,No,
6177,11-09-17,135,13,62,11,F,139.4,147.1,0,Recapture,Open,Not ,No,No,
5240,10/18/2017,138,1,38,9,M,,160.8,0,Recapture,Black spines,Not ,No,m,
5284,10/19/2017,138,2,39,9,M,,161.9,0,Recapture,Black spines,Not ,No,m,
5351,10/20/2017,138,3,40,9,M,,161,0,Recapture,Black spines,Not ,No,m,
5402,10/21/2017,138,4,41,8,M,,162,0,Recapture,Black spines,Not ,No,m,
5461,10/23/2017,138,5,42,9,M,,163.1,0,Recapture,Black spines,Not ,No,m,
5569,10/25/2017,138,6,43,8,M,,163.6,0,Recapture,Black spines,Not ,No,m,
5613,10/26/2017,138,7,44,9,M,,158.6,0,Recapture,Black spines,Not ,No,m,
5690,10/27/2017,138,8,45,9,M,,163,0,Recapture,Black spines,Not ,No,m,
5750,10/28/2017,138,9,46,8,M,,162.1,1,Recapture,Black spines,Not ,No,m,
5773,10/29/2017,138,10,47,9,M,,159.3,0,Recapture,Black spines,Not ,No,m,
6067,11-06-17,138,11,48,9,M,,161.3,0,Recapture,Black spines,Not ,No,m,
6169,11-08-17,138,12,49,9,M,,164.6,1,Recapture,Black spines,Not ,No,m,
6187,11-09-17,138,13,50,9,M,,165.5,0,Recapture,Black spines,Not ,No,m,
5228,10/18/2017,140,1,48,9,F,150.5,163,1,Recapture,Open,Not ,Yes,Yes,
5305,10/19/2017,140,2,49,8,F,150.5,163,1,Recapture,Open,Not ,Yes,Yes,
5356,10/20/2017,140,3,50,8,F,150.5,169.9,0,Recapture,Closed,Not ,Yes,Yes,
5471,10/23/2017,140,4,51,8,F,150.5,167.3,1,Recapture,Closed,Not ,Yes,Yes,
5573,10/25/2017,140,5,52,8,F,150.5,164.9,0,Recapture,Open,Not ,Yes,Yes,
5611,10/26/2017,140,6,53,8,F,150.5,152.6,1,Recapture,Open,Not ,Yes,Yes,
5675,10/27/2017,140,7,54,8,F,150.5,153.3,0,Recapture,Open,Not ,Yes,Yes,
5757,10/28/2017,140,8,55,9,F,150.5,156,1,Recapture,Open,Not ,Yes,Yes,
5772,10/29/2017,140,9,56,9,F,150.5,155.7,1,Recapture,Open,Not ,Yes,Yes,
5853,10/30/2017,140,10,57,9,F,150.5,152.9,1,Recapture,Closed,Not ,Yes,Yes,
5862,10/31/2017,140,11,58,8,F,150.5,158.4,0,Recapture,Open,Not ,Yes,Yes,
5894,11-02-17,140,12,59,8,F,150.5,158.2,0,Recapture,Open,Not ,Yes,Yes,Lactating clear liquid.
5959,11-03-17,140,13,60,14,F,150.5,161,0,Recapture,Closed,Not ,Yes,Yes,
5995,11-04-17,140,14,61,8,F,150.5,155.3,1,Recapture,Closed,Not ,No,No,
6034,11-05-17,140,15,62,9,F,150.5,154.3,0,Recapture,Open,Not ,Yes,Yes,Lactating clear liquid.
6085,11-06-17,140,16,63,9,F,150.5,157.6,0,Recapture,Open,Not ,Yes,Yes,Lactating clear liquid.
6118,11-07-17,140,17,64,8,F,150.5,160.1,1,Recapture,Open,Not ,Yes,Yes,Lactating clear liquid.
6168,11-08-17,140,18,65,9,F,150.5,159.9,1,Recapture,Open,Not ,Yes,Yes,Lactating clear liquid.
6195,11-09-17,140,19,66,8,F,150.5,156.6,1,Recapture,Open,Not ,Yes,Yes,Lactating clear liquid.
5295,10/19/2017,141,1,33,29,F,166,201.4,1,Recapture,Open,Not ,Yes,Yes,Lactating clear liquid.
5450,10/23/2017,141,2,34,29,F,166,216.3,0,Recapture,Open,Not ,Yes,Yes,Lactating clear liquid.
5533,10/24/2017,141,3,35,12,F,166,208.2,0,Recapture,Open,Not ,Yes,Yes,Lactating clear liquid.
5759,10/28/2017,141,4,37,29,F,166,180.7,1,Recapture,Open,Not ,Yes,Yes,Lactating clear liquid.
5844,10/30/2017,141,5,38,12,F,166,182,0,Recapture,Open,Not ,Yes,Yes,Lactating clear liquid.
5994,11-04-17,141,6,39,29,F,166,182.2,1,Recapture,Open,Not ,No,No,
6044,11-05-17,141,7,40,29,F,166,179.6,0,Recapture,Open,Not ,No,No,
6099,11-06-17,141,8,41,29,F,166,175.6,0,Recapture,Open,Not ,No,No,
6147,11-08-17,141,9,42,29,F,166,175.4,0,Recapture,Open,Not ,No,No,
6198,11-09-17,141,10,43,12,F,166,176.8,0,Recapture,Open,Not ,No,No,
5575,10/25/2017,142,1,25,26,M,,166.1,0,Recapture,Black spines,Not ,No,m,
6028,11-04-17,142,2,26,26,M,,166.9,0,Recapture,Black spines,Not ,No,m,
6068,11-06-17,142,3,27,26,M,,164.8,0,Recapture,Black spines,Not ,No,m,
5271,10/19/2017,143,1,43,8,F,148.8,175.5,0,Recapture,Open,Not ,Yes,Yes,Lactating clear liquid.
5355,10/20/2017,143,2,44,8,F,148.8,179.1,0,Recapture,Closed,Not ,Yes,Yes,Lactating clear liquid.
5397,10/21/2017,143,3,45,8,F,148.8,174.9,1,Recapture,Open,Not ,Yes,Yes,Lactating clear liquid.
5481,10/23/2017,143,4,46,8,F,148.8,180.5,1,Recapture,Open,Not ,No,No,
5516,10/24/2017,143,5,47,9,F,148.8,189.3,0,Recapture,Closed,Pregnant,No,No,
5565,10/25/2017,143,6,48,9,F,148.8,180.2,0,Recapture,Closed,Not ,Yes,Yes,Lactating clear liquid.
5612,10/26/2017,143,7,49,8,F,148.8,184.2,0,Recapture,Open,Not ,No,No,
5676,10/27/2017,143,8,50,8,F,148.8,178.9,1,Recapture,Open,Not ,No,No,
5749,10/28/2017,143,9,51,8,F,148.8,164,1,Recapture,Open,Not ,No,No,
5794,10/29/2017,143,10,52,8,F,148.8,162.3,1,Recapture,Open,Not ,No,No,
5840,10/30/2017,143,11,53,8,F,148.8,160.5,0,Recapture,Open,Not ,Yes,Yes,Lactating clear liquid.
5873,10/31/2017,143,12,54,8,F,148.8,160.8,0,Recapture,Open,Not ,Yes,Yes,Lactating clear liquid.
5906,11-02-17,143,13,55,9,F,148.8,164.9,0,Recapture,Open,Not ,No,No,
5963,11-03-17,143,14,56,9,F,148.8,164.3,1,Recapture,Closed,Not ,No,No,
5997,11-04-17,143,15,57,8,F,148.8,159.9,1,Recapture,Closed,Not ,No,No,
6035,11-05-17,143,16,58,8,F,148.8,160.9,0,Recapture,Open,Not ,No,No,
6091,11-06-17,143,17,59,9,F,148.8,157.3,0,Recapture,Open,Not ,No,No,
6127,11-07-17,143,18,60,8,F,148.8,157,0,Recapture,Open,Not ,No,No,
6164,11-08-17,143,19,61,9,F,148.8,156.9,1,Recapture,Open,Not ,No,No,
6194,11-09-17,143,20,62,8,F,148.8,151.9,1,Recapture,Open,Not ,No,No,
5231,10/18/2017,145,1,44,15,F,153.2,192.6,1,Recapture,Closed,Not ,Yes,Yes,
5272,10/19/2017,145,2,45,15,F,153.2,192.7,0,Recapture,Open,Not ,No,No,
5270,10/19/2017,146,1,39,15,F,170.2,214.9,1,Recapture,Open,Not ,No,No,
5220,10/18/2017,150,1,29,26,F,152.7,202.3,0,Recapture,Closed,Not ,No,No,
5528,10/24/2017,150,2,30,26,F,152.7,226.3,0,Recapture,Open,Pregnant,No,Pregnant,
5576,10/25/2017,150,3,31,26,F,152.7,222,0,Recapture,Open,Pregnant,No,Pregnant,
5618,10/26/2017,150,4,32,20,F,152.7,221.2,1,Recapture,Open,Pregnant,No,Pregnant,
5806,10/29/2017,150,5,33,26,F,152.7,233.2,1,Recapture,Open,Pregnant,No,Pregnant,
5957,11-03-17,150,6,34,20,F,152.7,248,0,Recapture,Open,Pregnant,No,Pregnant,
6083,11-06-17,150,7,35,20,F,152.7,165.8,1,Recapture,Open,Not ,Yes,Yes,
6150,11-08-17,150,8,36,20,F,152.7,170.5,0,Recapture,Open,Not ,Yes,Yes,
5218,10/18/2017,151,1,38,18,F,156,147.6,0,Recapture,Closed,Not ,Yes,Yes,
5343,10/20/2017,151,2,39,19,F,156,150.8,0,Recapture,Closed,Not ,Yes,Yes,
5406,10/21/2017,151,3,40,18,F,156,153.3,1,Recapture,Closed,Not ,Yes,Yes,
5442,10/23/2017,151,4,41,18,F,156,156.2,1,Recapture,Closed,Not ,Yes,Yes,
5512,10/24/2017,151,5,42,19,F,156,161.3,1,Recapture,Closed,Not ,Yes,Yes,
5553,10/25/2017,151,6,43,19,F,156,154.8,1,Recapture,Closed,Not ,Yes,Yes,
5634,10/26/2017,151,7,44,18,F,156,159.8,1,Recapture,Closed,Not ,Yes,Yes,Lactating clear liquid.
5735,10/28/2017,151,8,46,18,F,156,162.5,1,Recapture,Closed,Not ,Yes,Yes,Lactating clear liquid.
5798,10/29/2017,151,9,47,18,F,156,156.2,1,Recapture,Closed,Not ,Yes,Yes,Lactating clear liquid.
5875,10/31/2017,151,10,48,19,F,156,160.1,1,Recapture,Closed,Not ,Yes,Yes,Lactating clear liquid.
6019,11-04-17,151,11,49,19,F,156,165,1,Recapture,Closed,Not ,Yes,Yes,Lactating clear liquid.
6043,11-05-17,151,12,50,19,F,156,169.6,1,Recapture,Closed,Not ,No,No,
6080,11-06-17,151,13,51,18,F,156,166.1,1,Recapture,Closed,Not ,No,No,
6133,11-07-17,151,14,52,18,F,156,169.6,1,Recapture,Closed,Not ,No,No,
6156,11-08-17,151,15,53,18,F,156,163.7,1,Recapture,Closed,Not ,No,No,
6204,11-09-17,151,16,54,18,F,156,163.9,1,Recapture,Closed,Not ,No,No,
5297,10/19/2017,152,1,21,22,M,,158,1,Recapture,Black spines,Not ,No,m,
5395,10/21/2017,152,2,22,22,M,,152,0,Recapture,Black spines,Not ,No,m,
5501,10/24/2017,152,3,23,22,M,,152.5,0,Recapture,Black spines,Not ,No,m,
5640,10/26/2017,152,4,24,22,M,,151.8,1,Recapture,Black spines,Not ,No,m,
5730,10/28/2017,152,5,25,22,M,,153,1,Recapture,Black spines,Not ,No,m,
5791,10/29/2017,152,6,26,22,M,,151.9,1,Recapture,Black spines,Not ,No,m,
5946,11-03-17,152,7,28,22,M,,155.8,1,Recapture,Black spines,Not ,No,m,
6011,11-04-17,152,8,29,22,M,,153.6,1,Recapture,Black spines,Not ,No,m,
5223,10/18/2017,156,1,20,18,M,,172.1,1,Recapture,Black spines,Not ,No,m,
5291,10/19/2017,156,2,21,18,M,,167.8,0,Recapture,Black spines,Not ,No,m,
5342,10/20/2017,156,3,22,19,M,,168.3,0,Recapture,Black spines,Not ,No,m,
5444,10/23/2017,156,4,23,19,M,,177.6,0,Recapture,Black spines,Not ,No,m,
5552,10/25/2017,156,5,24,19,M,,169.4,0,Recapture,Black spines,Not ,No,m,
5630,10/26/2017,156,6,25,18,M,,170.1,0,Recapture,Black spines,Not ,No,m,
5673,10/27/2017,156,7,26,18,M,,173.1,0,Recapture,Black spines,Not ,No,m,
5736,10/28/2017,156,8,27,18,M,,176,0,Recapture,Black spines,Not ,No,m,
5799,10/29/2017,156,9,28,18,M,,171.2,0,Recapture,Black spines,Not ,No,m,
5858,10/30/2017,156,10,29,18,M,,175.6,0,Recapture,Black spines,Not ,No,m,
6048,11-05-17,156,11,30,18,M,,185,0,Recapture,White spines,Not ,No,m,
6102,11-06-17,156,12,31,19,M,,181.6,0,Recapture,,Not ,No,m,
6134,11-07-17,156,13,32,19,M,,185,0,Recapture,,Not ,No,m,
6158,11-08-17,156,14,33,19,M,,182.3,0,Recapture,,Not ,No,m,
5230,10/18/2017,158,1,37,19,F,162.3,163.6,0,Recapture,Closed,Not ,Yes,Yes,
5290,10/19/2017,158,2,38,18,F,162.3,154.8,1,Recapture,Closed,Not ,Yes,Yes,
5371,10/20/2017,158,3,39,18,F,162.3,157.2,1,Recapture,Closed,Not ,Yes,Yes,
5407,10/21/2017,158,4,40,18,F,162.3,159.5,1,Recapture,Closed,Not ,Yes,Yes,
5443,10/23/2017,158,5,41,18,F,162.3,165.6,1,Recapture,Closed,Not ,Yes,Yes,
5513,10/24/2017,158,6,42,18,F,162.3,164.8,1,Recapture,Closed,Not ,Yes,Yes,
5555,10/25/2017,158,7,43,18,F,162.3,159.2,1,Recapture,Closed,Not ,Yes,Yes,
5626,10/26/2017,158,8,44,18,F,162.3,163.9,0,Recapture,Closed,Not ,Yes,Yes,
5669,10/27/2017,158,9,45,19,F,162.3,176.8,0,Recapture,Closed,Not ,Yes,Yes,
5746,10/28/2017,158,10,46,19,F,162.3,167.1,1,Recapture,Closed,Not ,Yes,Yes,
5796,10/29/2017,158,11,47,19,F,162.3,167.2,1,Recapture,Closed,Not ,Yes,Yes,
5846,10/30/2017,158,12,48,18,F,162.3,159.2,1,Recapture,Closed,Not ,Yes,Yes,Lactating clear liquid.
5887,10/31/2017,158,13,49,19,F,162.3,160.9,1,Recapture,Closed,Not ,Yes,Yes,Lactating clear liquid.
5909,11-02-17,158,14,50,18,F,162.3,167.4,1,Recapture,Closed,Not ,Yes,Yes,Lactating clear liquid.
6051,11-05-17,158,15,51,18,F,162.3,172.2,1,Recapture,Closed,Not ,Yes,Yes,Lactating clear liquid.
6079,11-06-17,158,16,52,18,F,162.3,168.6,1,Recapture,Closed,Not ,Yes,Yes,Lactating clear liquid.
6153,11-08-17,158,17,53,19,F,162.3,175,1,Recapture,Closed,Not ,Yes,Yes,Lactating clear liquid.
6205,11-09-17,158,18,54,19,F,162.3,178.6,1,Recapture,Closed,Not ,No,No,
5217,10/18/2017,159,1,43,18,F,151.2,151.2,0,Recapture,Closed,Not ,Yes,Yes,
5287,10/19/2017,159,2,44,19,F,151.2,151.2,0,Recapture,Open,Not ,Yes,Yes,
5329,10/20/2017,159,3,45,18,F,151.2,153.6,1,Recapture,Closed,Not ,Yes,Yes,
5408,10/21/2017,159,4,46,18,F,151.2,152.8,1,Recapture,Closed,Not ,Yes,Yes,
5554,10/25/2017,159,5,47,18,F,151.2,152.3,0,Recapture,Closed,Not ,Yes,Yes,Lactating clear liquid.
5629,10/26/2017,159,6,48,18,F,151.2,153.7,0,Recapture,Closed,Not ,Yes,Yes,Lactating clear liquid.
5797,10/29/2017,159,7,50,18,F,151.2,154.9,0,Recapture,Closed,Not ,Yes,Yes,Lactating clear liquid.
5839,10/30/2017,159,8,51,19,F,151.2,153.8,1,Recapture,Closed,Not ,Yes,Yes,Lactating clear liquid.
5914,11-02-17,159,9,52,18,F,151.2,153.9,0,Recapture,Closed,Not ,Yes,Yes,Lactating clear liquid.
5965,11-03-17,159,10,53,19,F,151.2,160.1,0,Recapture,Closed,Not ,Yes,Yes,Lactating clear liquid.
6018,11-04-17,159,11,54,18,F,151.2,157.5,0,Recapture,Closed,Not ,Yes,Yes,Lactating clear liquid.
6087,11-06-17,159,12,55,18,F,151.2,152.9,0,Recapture,Closed,Not ,Yes,Yes,Lactating clear liquid.
6135,11-07-17,159,13,56,19,F,151.2,159,1,Recapture,Closed,Not ,Yes,Yes,Lactating clear liquid.
5239,10/18/2017,161,1,21,12,F,144.5,140.9,0,Recapture,Closed,Not ,Yes,Yes,
5296,10/19/2017,161,2,22,29,F,144.5,148.7,0,Recapture,Closed,Not ,Yes,Yes,
5331,10/20/2017,161,3,23,12,F,144.5,142.1,0,Recapture,Closed,Not ,Yes,Yes,
5454,10/23/2017,161,4,24,29,F,144.5,149.5,1,Recapture,Closed,Not ,Yes,Yes,
5531,10/24/2017,161,5,25,29,F,144.5,148.8,0,Recapture,Closed,Not ,Yes,Yes,
5571,10/25/2017,161,6,26,29,F,144.5,150.1,1,Recapture,Closed,Not ,No,No,
5680,10/27/2017,161,7,27,29,F,144.5,150.6,0,Recapture,Closed,Not ,Yes,Yes,
5808,10/29/2017,161,8,28,29,F,144.5,148.7,1,Recapture,Closed,Not ,Yes,Yes,
5838,10/30/2017,161,9,29,29,F,144.5,150.3,1,Recapture,Closed,Not ,Yes,Yes,
5919,11-02-17,161,10,30,29,F,144.5,150.9,1,Recapture,Closed,Not ,Yes,Yes,Lactating clear liquid.
5950,11-03-17,161,11,31,12,F,144.5,153.9,1,Recapture,Closed,Not ,Yes,Yes,Lactating clear liquid.
6098,11-06-17,161,12,32,29,F,144.5,149.3,0,Recapture,Closed,Not ,No,No,
6142,11-08-17,161,13,33,29,F,144.5,153.6,0,Recapture,Closed,Not ,Yes,Yes,Lactating clear liquid.
5206,10/18/2017,162,1,41,21,F,178.7,230.2,0,Recapture,Open,Not ,No,No,
5276,10/19/2017,162,2,42,21,F,178.7,223.3,0,Recapture,Open,Not ,No,No,
5357,10/20/2017,162,3,43,21,F,178.7,222.3,1,Recapture,Open,Not ,No,No,
5423,10/21/2017,162,4,44,21,F,178.7,228.6,1,Recapture,Open,Pregnant,No,Pregnant,
5475,10/23/2017,162,5,45,21,F,178.7,230.9,1,Recapture,Open,Pregnant,No,Pregnant,
5502,10/24/2017,162,6,46,21,F,178.7,235.8,0,Recapture,Open,Pregnant,No,Pregnant,
5586,10/25/2017,162,7,47,21,F,178.7,235.3,0,Recapture,Open,Pregnant,No,Pregnant,
5639,10/26/2017,162,8,48,21,F,178.7,233,0,Recapture,Open,Pregnant,No,Pregnant,
5699,10/27/2017,162,9,49,21,F,178.7,238.8,0,Recapture,Open,Pregnant,No,Pregnant,
5726,10/28/2017,162,10,50,21,F,178.7,242.6,1,Recapture,Open,Pregnant,No,Pregnant,
5783,10/29/2017,162,11,51,21,F,178.7,244.2,1,Recapture,Open,Pregnant,No,Pregnant,
5837,10/30/2017,162,12,52,21,F,178.7,248,1,Recapture,Open,Pregnant,No,Pregnant,
5969,11-03-17,162,13,53,21,F,178.7,264.6,0,Recapture,Open,Pregnant,No,Pregnant,
6012,11-04-17,162,14,54,21,F,178.7,163.2,0,Recapture,Open,Pregnant,No,Pregnant,
6090,11-06-17,162,15,55,21,F,178.7,263.3,0,Recapture,Open,Pregnant,No,Pregnant,
6126,11-07-17,162,16,56,21,F,178.7,189.9,0,Recapture,Open,Not ,Yes,Yes,
6167,11-08-17,162,17,57,21,F,178.7,195.8,0,Recapture,Open,Not ,Yes,Yes,
6184,11-09-17,162,18,58,21,F,178.7,200.3,0,Recapture,Open,Not ,Yes,Yes,
5204,10/18/2017,163,1,34,21,F,152,153.2,0,Recapture,Open,Not ,Yes,Yes,
5300,10/19/2017,163,2,35,21,F,152,150.1,1,Recapture,Open,Not ,Yes,Yes,
5363,10/20/2017,163,3,36,21,F,152,143.7,1,Recapture,Open,Not ,Yes,Yes,
5409,10/21/2017,163,4,37,21,F,152,146.4,1,Recapture,Closed,Not ,Yes,Yes,
5474,10/23/2017,163,5,38,21,F,152,148.9,1,Recapture,Closed,Not ,Yes,Yes,
5642,10/26/2017,163,6,39,21,F,152,147.8,1,Recapture,Closed,Not ,Yes,Yes,
5698,10/27/2017,163,7,40,21,F,152,155.9,0,Recapture,Closed,Not ,Yes,Yes,
5836,10/30/2017,163,8,41,21,F,152,144.2,1,Recapture,Closed,Not ,Yes,Yes,
5926,11-02-17,163,9,42,32,F,152,151.7,1,Recapture,Closed,Not ,Yes,Yes,
5943,11-03-17,163,10,43,32,F,152,156.8,1,Recapture,Closed,Not ,Yes,Yes,Lactating clear liquid.
5996,11-04-17,163,11,44,21,F,152,153,1,Recapture,Closed,Not ,Yes,Yes,Lactating clear liquid.
6089,11-06-17,163,12,45,21,F,152,150.7,1,Recapture,Closed,Not ,Yes,Yes,Lactating clear liquid.
6122,11-07-17,163,13,46,21,F,152,155.7,1,Recapture,Closed,Not ,Yes,Yes,Lactating clear liquid.
6183,11-09-17,163,14,47,32,F,152,153.2,1,Recapture,Closed,Not ,Yes,Yes,Lactating clear liquid.
5274,10/19/2017,164,1,28,21,M,,164.7,0,Recapture,Black spines,Not ,No,m,
5410,10/21/2017,164,2,29,21,M,,166.3,0,Recapture,Black spines,Not ,No,m,
5477,10/23/2017,164,3,30,32,M,,168.4,0,Recapture,Black spines,Not ,No,m,
5577,10/25/2017,164,4,31,21,M,,164.3,0,Recapture,Black spines,Not ,No,m,
5641,10/26/2017,164,5,32,32,M,,159.4,0,Recapture,Black spines,Not ,No,m,
5697,10/27/2017,164,6,33,21,M,,157.1,0,Recapture,Black spines,Not ,No,m,
5728,10/28/2017,164,7,34,32,M,,161.9,1,Recapture,Black spines,Not ,No,m,
5834,10/30/2017,164,8,35,32,M,,160.6,0,Recapture,Black spines,Not ,No,m,
5927,11-02-17,164,9,36,21,M,,163.1,0,Recapture,Black spines,Not ,No,m,
5968,11-03-17,164,10,37,21,M,,166.3,0,Recapture,Black spines,Not ,No,m,
6094,11-06-17,164,11,38,32,M,,166.9,0,Recapture,Black spines,Not ,No,m,
6121,11-07-17,164,12,39,21,M,,161.6,0,Recapture,Black spines,Not ,No,m,
6157,11-08-17,164,13,40,21,M,,166.3,0,Recapture,Black spines,Not ,No,m,
6203,11-09-17,164,14,41,21,M,,170.5,0,Recapture,Black spines,Not ,No,m,
5370,10/20/2017,165,1,22,10,M,,152.7,0,Recapture,Black spines,Not ,No,m,
5449,10/23/2017,165,2,23,10,M,,154.9,0,Recapture,Black spines,Not ,No,m,
5508,10/24/2017,165,3,24,10,M,,155,0,Recapture,Black spines,Not ,No,m,
5708,10/27/2017,165,4,25,10,M,,153.4,0,Recapture,Black spines,Not ,No,m,
5762,10/28/2017,165,5,26,10,M,,150.1,0,Recapture,Black spines,Not ,No,m,
5911,11-02-17,165,6,27,10,M,,155.3,0,Recapture,Black spines,Not ,No,m,
5201,10/18/2017,167,1,47,22,F,172.4,225.1,0,Recapture,Open,Not ,Yes,Yes,Lactating clear liquid.
5298,10/19/2017,167,2,48,22,F,172.4,222.2,1,Recapture,Open,Not ,Yes,Yes,Lactating clear liquid.
5344,10/20/2017,167,3,49,22,F,172.4,223.4,0,Recapture,Open,Not ,No,No,
5424,10/21/2017,167,4,50,22,F,172.4,225.8,1,Recapture,Open,Pregnant,No,Pregnant,
5479,10/23/2017,167,5,51,22,F,172.4,232,1,Recapture,Open,Pregnant,No,Pregnant,
5578,10/25/2017,167,6,52,22,F,172.4,240,0,Recapture,Open,Pregnant,No,Pregnant,
5644,10/26/2017,167,7,53,22,F,172.4,137.8,0,Recapture,Open,Pregnant,No,Pregnant,
5692,10/27/2017,167,8,54,22,F,172.4,240.8,0,Recapture,Open,Pregnant,No,Pregnant,
5741,10/28/2017,167,9,55,22,F,172.4,243,1,Recapture,Open,Pregnant,No,Pregnant,
5785,10/29/2017,167,10,56,22,F,172.4,241.6,1,Recapture,Open,Pregnant,No,Pregnant,
5842,10/30/2017,167,11,57,22,F,172.4,244.3,1,Recapture,Open,Pregnant,No,Pregnant,
5869,10/31/2017,167,12,58,22,F,172.4,247,1,Recapture,Open,Pregnant,No,Pregnant,
5928,11-02-17,167,13,59,22,F,172.4,251.6,1,Recapture,Open,Pregnant,No,Pregnant,
5954,11-03-17,167,14,60,22,F,172.4,252.9,0,Recapture,Open,Pregnant,No,Pregnant,
6016,11-04-17,167,15,61,22,F,172.4,257.6,0,Recapture,Open,Pregnant,No,Pregnant,
6064,11-06-17,167,16,62,22,F,172.4,263.7,0,Recapture,Open,Pregnant,No,Pregnant,
5275,10/19/2017,168,1,45,23,F,167,213.8,0,Recapture,Closed,Not ,No,No,
5360,10/20/2017,168,2,46,23,F,167,215.9,1,Recapture,Closed,Not ,No,No,
5418,10/21/2017,168,3,47,23,F,167,214.9,1,Recapture,Open,Not ,No,No,
5480,10/23/2017,168,4,48,23,F,167,114.3,1,Recapture,Open,Not ,No,No,
5496,10/24/2017,168,5,49,23,F,167,222.2,1,Recapture,Open,Pregnant,No,Pregnant,
5601,10/26/2017,168,6,50,23,F,167,231.2,1,Recapture,Open,Pregnant,No,Pregnant,
5695,10/27/2017,168,7,51,23,F,167,227.1,1,Recapture,Open,Pregnant,No,Pregnant,
5732,10/28/2017,168,8,52,23,F,167,228.6,1,Recapture,Closed,Pregnant,No,Pregnant,
5779,10/29/2017,168,9,53,23,F,167,228.2,1,Recapture,Open,Pregnant,No,Pregnant,
5835,10/30/2017,168,10,54,23,F,167,225.1,1,Recapture,Closed,Pregnant,No,Pregnant,
5925,11-02-17,168,11,55,23,F,167,237,1,Recapture,Open,Pregnant,No,Pregnant,
5973,11-03-17,168,12,56,23,F,167,241.9,1,Recapture,Open,Pregnant,No,Pregnant,
6022,11-04-17,168,13,57,23,F,167,241.7,1,Recapture,Open,Pregnant,No,Pregnant,
6053,11-05-17,168,14,58,23,F,167,245,0,Recapture,Open,Pregnant,No,Pregnant,
6066,11-06-17,168,15,59,23,F,167,248.9,0,Recapture,Open,Pregnant,No,Pregnant,
5637,10/26/2017,169,1,11,24,M,,181.1,1,Recapture,Black spines,Not ,No,m,
5778,10/29/2017,169,2,12,23,M,,182.2,1,Recapture,Black spines,Not ,No,m,
5944,11-03-17,169,3,13,24,M,,187.7,0,Recapture,Black spines,Not ,No,m,
6061,11-05-17,169,4,14,23,M,,187.9,0,Recapture,Black spines,Not ,No,m,
5208,10/18/2017,170,1,35,32,F,136.3,176.6,0,Recapture,Open,Not ,No,No,
5302,10/19/2017,170,2,36,24,F,136.3,168.6,1,Recapture,Open,Not ,No,No,
5346,10/20/2017,170,3,37,24,F,136.3,171.8,0,Recapture,Open,Not ,No,No,
5417,10/21/2017,170,4,38,24,F,136.3,175.4,1,Recapture,Open,Not ,No,No,
5478,10/23/2017,170,5,39,32,F,136.3,181.5,0,Recapture,Open,Pregnant,No,Pregnant,
5499,10/24/2017,170,6,40,32,F,136.3,185.7,0,Recapture,Open,Not ,No,Pregnant,
5636,10/26/2017,170,7,41,24,F,136.3,187.6,0,Recapture,Open,Not ,No,Pregnant,
5682,10/27/2017,170,8,42,32,F,136.3,188.2,0,Recapture,Open,Pregnant,No,Pregnant,
5753,10/28/2017,170,9,43,24,F,136.3,191.1,1,Recapture,Closed,Not ,No,Pregnant,
5790,10/29/2017,170,10,44,24,F,136.3,187.1,0,Recapture,Open,Not ,No,Pregnant,
5830,10/30/2017,170,11,45,32,F,136.3,187.9,0,Recapture,Closed,Pregnant,No,Pregnant,
5882,10/31/2017,170,12,46,32,F,136.3,189.4,0,Recapture,Open,Pregnant,No,Pregnant,
5922,11-02-17,170,13,47,24,F,136.3,197.3,1,Recapture,Open,Not ,No,Pregnant,
5938,11-03-17,170,14,48,32,F,136.3,203.7,0,Recapture,Open,Pregnant,No,Pregnant,
5992,11-04-17,170,15,49,24,F,136.3,204.8,0,Recapture,Open,Not ,No,Pregnant,
6041,11-05-17,170,16,50,32,F,136.3,209,0,Recapture,Open,Pregnant,No,Pregnant,
6093,11-06-17,170,17,51,24,F,136.3,206.7,0,Recapture,Open,Pregnant,No,Pregnant,
6120,11-07-17,170,18,52,32,F,136.3,155.2,0,Recapture,Open,Not ,Yes,Yes,
6161,11-08-17,170,19,53,24,F,136.3,159.4,0,Recapture,Open,Not ,Yes,Yes,
6209,11-09-17,170,20,54,24,F,136.3,161.8,0,Recapture,Open,Not ,Yes,Yes,
5207,10/18/2017,171,1,39,22,F,161.7,167.8,0,Recapture,Closed,Not ,Yes,Yes,
5292,10/19/2017,171,2,40,22,F,161.7,162.3,0,Recapture,Open,Not ,Yes,Yes,
5361,10/20/2017,171,3,41,22,F,161.7,163.3,0,Recapture,Open,Not ,Yes,Yes,
5420,10/21/2017,171,4,42,22,F,161.7,163.7,1,Recapture,Open,Not ,Yes,Yes,
5472,10/23/2017,171,5,43,22,F,161.7,162.9,0,Recapture,Open,Not ,Yes,Yes,
5504,10/24/2017,171,6,44,22,F,161.7,159.1,0,Recapture,Open,Not ,Yes,Yes,
5579,10/25/2017,171,7,45,22,F,161.7,253.8,0,Recapture,Open,Not ,Yes,Yes,
5643,10/26/2017,171,8,46,32,F,161.7,161.1,0,Recapture,Open,Not ,No,No,
5693,10/27/2017,171,9,47,22,F,161.7,159.4,0,Recapture,Open,Not ,Yes,Yes,
5729,10/28/2017,171,10,48,22,F,161.7,153.4,1,Recapture,Open,Not ,Yes,Yes,
5780,10/29/2017,171,11,49,22,F,161.7,154.8,0,Recapture,Open,Not ,Yes,Yes,
5833,10/30/2017,171,12,50,22,F,161.7,154.2,0,Recapture,Closed,Not ,Yes,Yes,
5945,11-03-17,171,13,52,22,F,161.7,158.9,1,Recapture,Open,Not ,Yes,Yes,
6014,11-04-17,171,14,53,22,F,161.7,160.8,0,Recapture,Open,Not ,Yes,Yes,
6042,11-05-17,171,15,54,22,F,161.7,158.2,0,Recapture,Open,Not ,Yes,Yes,
6116,11-07-17,171,16,56,22,F,161.7,162.2,0,Recapture,Closed,Not ,Yes,Yes,
5294,10/19/2017,172,1,39,23,F,166.2,209.3,0,Recapture,Open,Not ,Yes,Yes,Lactating clear liquid.
5352,10/20/2017,172,2,40,23,F,166.2,220.5,0,Recapture,Open,Not ,Yes,Yes,Lactating clear liquid.
5411,10/21/2017,172,3,41,23,F,166.2,221.4,0,Recapture,Open,Pregnant,Yes,Pregnant,Lactating clear liquid.
5473,10/23/2017,172,4,42,23,F,166.2,222.7,1,Recapture,Open,Pregnant,No,Pregnant,
5503,10/24/2017,172,5,43,23,F,166.2,224.4,0,Recapture,Open,Pregnant,No,Pregnant,
5587,10/25/2017,172,6,44,23,F,166.2,225.2,0,Recapture,Open,Pregnant,No,Pregnant,
5600,10/26/2017,172,7,45,23,F,166.2,229.3,0,Recapture,Open,Pregnant,No,Pregnant,
5683,10/27/2017,172,8,46,23,F,166.2,228.2,0,Recapture,Open,Pregnant,No,Pregnant,
5731,10/28/2017,172,9,47,23,F,166.2,231.8,0,Recapture,Open,Pregnant,No,Pregnant,
5786,10/29/2017,172,10,48,23,F,166.2,230.6,0,Recapture,Open,Pregnant,No,Pregnant,
5843,10/30/2017,172,11,49,23,F,166.2,235.2,0,Recapture,Open,Pregnant,No,Pregnant,
5924,11-02-17,172,12,50,23,F,166.2,246.7,0,Recapture,Open,Pregnant,No,Pregnant,
5972,11-03-17,172,13,51,23,F,166.2,249.4,0,Recapture,Open,Pregnant,No,Pregnant,
6015,11-04-17,172,14,52,23,F,166.2,252.4,0,Recapture,Open,Pregnant,No,Pregnant,
6062,11-05-17,172,15,53,23,F,166.2,256.5,0,Recapture,Open,Pregnant,No,Pregnant,
6065,11-06-17,172,16,54,23,F,166.2,257.3,1,Recapture,Open,Pregnant,No,Pregnant,
5233,10/18/2017,173,1,36,25,F,152,188.3,1,Recapture,Open,Not ,No,No,
5279,10/19/2017,173,2,37,25,F,152,193.9,1,Recapture,Open,Not ,No,No,
5348,10/20/2017,173,3,38,25,F,152,190.6,1,Recapture,Open,Not ,No,No,
5467,10/23/2017,173,4,39,25,F,152,196,1,Recapture,Open,Not ,No,No,
5521,10/24/2017,173,5,40,25,F,152,202,1,Recapture,Open,Pregnant,No,Pregnant,
5557,10/25/2017,173,6,41,25,F,152,194.4,1,Recapture,Open,Not ,No,Pregnant,
5605,10/26/2017,173,7,42,25,F,152,197.8,0,Recapture,Closed,Not ,No,Pregnant,
5685,10/27/2017,173,8,43,25,F,152,202.1,0,Recapture,Open,Pregnant,No,Pregnant,
5761,10/28/2017,173,9,44,25,F,152,202,1,Recapture,Open,Not ,No,Pregnant,
5800,10/29/2017,173,10,45,25,F,152,199.9,1,Recapture,Open,Pregnant,No,Pregnant,
5848,10/30/2017,173,11,46,25,F,152,201.7,1,Recapture,Open,Pregnant,No,Pregnant,Weird hernia thing
5900,11-02-17,173,12,47,25,F,152,214.3,1,Recapture,Open,Pregnant,No,Pregnant,
5953,11-03-17,173,13,48,25,F,152,213.7,1,Recapture,Open,Pregnant,No,Pregnant,
6027,11-04-17,173,14,49,26,F,152,217.1,1,Recapture,Open,Pregnant,No,Pregnant,
6039,11-05-17,173,15,50,26,F,152,221,1,Recapture,Open,Pregnant,No,Pregnant,
6151,11-08-17,173,16,51,25,F,152,223.9,0,Recapture,Open,Pregnant,No,Pregnant,
6191,11-09-17,173,17,52,25,F,152,161,1,Recapture,Open,Not ,Yes,Yes,
5214,10/18/2017,174,1,30,31,F,152.5,199,0,Recapture,Open,Not ,No,No,
5509,10/24/2017,174,2,31,31,F,152.5,207.9,0,Recapture,Open,Not ,No,No,
5960,11-03-17,174,3,32,16,F,152.5,226.2,0,Recapture,Closed,Pregnant,No,Pregnant,Uncollared
6000,11-04-17,174,4,33,16,F,152.5,225.5,0,Recapture,Open,Pregnant,No,Pregnant,
6125,11-07-17,174,5,34,16,F,152.5,244,0,Recapture,Open,Pregnant,No,Pregnant,
5219,10/18/2017,175,1,20,31,F,167.1,167.5,0,Recapture,Closed,Not ,Yes,Yes,
5289,10/19/2017,175,2,21,31,F,167.1,165.8,0,Recapture,Closed,Not ,Yes,Yes,
5372,10/20/2017,175,3,22,31,F,167.1,161.3,1,Recapture,Closed,Not ,Yes,Yes,
5414,10/21/2017,175,4,23,31,F,167.1,169.1,1,Recapture,Closed,Not ,Yes,Yes,
5445,10/23/2017,175,5,24,16,F,167.1,167.2,1,Recapture,Closed,Not ,Yes,Yes,
5563,10/25/2017,175,6,25,16,F,167.1,168.3,1,Recapture,Closed,Not ,Yes,Yes,
5632,10/26/2017,175,7,26,31,F,167.1,168.2,1,Recapture,Closed,Not ,Yes,Yes,
5725,10/28/2017,175,8,28,31,F,167.1,166.7,1,Recapture,Closed,Not ,No,No,
5915,11-02-17,175,9,29,31,F,167.1,165.5,1,Recapture,Closed,Not ,Yes,Yes,Uncollared
5970,11-03-17,175,10,30,31,F,167.1,168.8,1,Recapture,Closed,Pregnant,No,No,
6005,11-04-17,175,11,31,16,F,167.1,168.7,1,Recapture,Closed,Not ,Yes,Yes,
6152,11-08-17,175,12,32,16,F,167.1,167.7,0,Recapture,Closed,Not ,Yes,Yes,
5288,10/19/2017,176,1,12,31,M,,143.7,1,Recapture,Black spines,Not ,No,m,
5405,10/21/2017,176,2,13,31,M,,138.8,1,Recapture,Black spines,Not ,No,m,
5510,10/24/2017,176,3,14,31,M,,143.5,1,Recapture,Black spines,Not ,No,m,
5633,10/26/2017,176,4,15,31,M,,138.1,0,Recapture,Black spines,Not ,No,m,
5723,10/28/2017,176,5,16,31,M,,136.8,1,Recapture,Black spines,Not ,No,m,
5964,11-03-17,176,6,17,31,M,,147,1,Recapture,Black spines,Not ,No,m,
6154,11-08-17,176,7,18,31,M,,152.3,1,Recapture,Black spines,Not ,No,m,
5306,10/19/2017,177,1,35,16,F,165,192.4,1,Recapture,Open,Not ,Yes,Yes,Lactating clear liquid.
5358,10/20/2017,177,2,36,16,F,165,191.7,0,Recapture,Closed,Not ,Yes,Yes,Lactating clear liquid.
5412,10/21/2017,177,3,37,16,F,165,195,0,Recapture,Closed,Not ,Yes,Yes,Lactating clear liquid.
5447,10/23/2017,177,4,38,16,F,165,199.5,0,Recapture,Closed,Not ,No,No,
5628,10/26/2017,177,5,39,16,F,165,204.8,0,Recapture,Open,Not ,No,No,
5734,10/28/2017,177,6,41,31,F,165,203.6,0,Recapture,Open,Pregnant,No,Pregnant,
6013,11-04-17,177,7,42,31,F,165,231,0,Recapture,Closed,Pregnant,No,Pregnant,
6050,11-05-17,177,8,43,16,F,165,230.3,0,Recapture,Open,Pregnant,No,Pregnant,
6081,11-06-17,177,9,44,16,F,165,233.5,0,Recapture,Open,Pregnant,No,Pregnant,
6124,11-07-17,177,10,45,16,F,165,238.8,0,Recapture,Open,Pregnant,No,Pregnant,
6155,11-08-17,177,11,46,31,F,165,238.8,0,Recapture,Closed,Pregnant,No,Pregnant,
6208,11-09-17,177,12,47,31,F,165,234.7,0,Recapture,Open,Pregnant,No,Pregnant,
5307,10/19/2017,178,1,11,31,M,,141.2,1,Recapture,Black spines,Not ,No,m,
5404,10/21/2017,178,2,12,31,M,,137.6,1,Recapture,Black spines,Not ,No,m,
5710,10/27/2017,178,3,13,31,M,,134.6,0,Recapture,Black spines,Not ,No,m,
6110,11-07-17,178,4,14,16,M,,138.2,1,Recapture,Black spines,Not ,No,m,
5205,10/18/2017,179,1,30,24,F,141.5,191.8,0,Recapture,Open,Not ,No,No,
5293,10/19/2017,179,2,31,24,F,141.5,184.5,1,Recapture,Closed,Not ,No,No,
5362,10/20/2017,179,3,32,32,F,141.5,182,1,Recapture,Open,Not ,No,No,
5396,10/21/2017,179,4,33,32,F,141.5,185.8,1,Recapture,Open,Not ,No,No,
5498,10/24/2017,179,5,34,24,F,141.5,202.2,0,Recapture,Open,Pregnant,No,Pregnant,
5638,10/26/2017,179,6,35,32,F,141.5,200.9,1,Recapture,Closed,Pregnant,No,Pregnant,
5686,10/27/2017,179,7,36,32,F,141.5,204.5,0,Recapture,Open,Pregnant,No,Pregnant,
5754,10/28/2017,179,8,37,24,F,141.5,204.1,0,Recapture,Open,Pregnant,No,Pregnant,
5784,10/29/2017,179,9,38,24,F,141.5,201.7,0,Recapture,Open,Pregnant,No,Pregnant,
5828,10/30/2017,179,10,39,32,F,141.5,203.6,1,Recapture,Closed,Pregnant,No,Pregnant,
5868,10/31/2017,179,11,40,32,F,141.5,207.6,1,Recapture,Open,Pregnant,No,Pregnant,
5202,10/18/2017,180,1,35,24,F,137.1,143.9,0,Recapture,Closed,Not ,No,No,
5301,10/19/2017,180,2,36,24,F,137.1,143.6,1,Recapture,Open,Not ,Yes,Yes,Lactating clear liquid.
5365,10/20/2017,180,3,37,24,F,137.1,138.8,1,Recapture,Closed,Not ,No,No,
5421,10/21/2017,180,4,38,32,F,137.1,144.6,1,Recapture,Open,Not ,No,No,
5476,10/23/2017,180,5,39,24,F,137.1,140.6,1,Recapture,Closed,Not ,No,No,
5497,10/24/2017,180,6,40,24,F,137.1,148.2,1,Recapture,Closed,Not ,No,No,
5585,10/25/2017,180,7,41,32,F,137.1,146.6,0,Recapture,Open,Not ,No,No,
5635,10/26/2017,180,8,42,24,F,137.1,144.5,1,Recapture,Closed,Not ,No,No,
5696,10/27/2017,180,9,43,32,F,137.1,148.8,1,Recapture,Open,Not ,No,No,
5752,10/28/2017,180,10,44,32,F,137.1,151.1,1,Recapture,Closed,Not ,No,No,
5782,10/29/2017,180,11,45,24,F,137.1,138.9,1,Recapture,Open,Not ,No,No,
5829,10/30/2017,180,12,46,24,F,137.1,142.4,1,Recapture,Closed,Not ,No,No,
5918,11-02-17,180,13,47,24,F,137.1,146.1,1,Recapture,Closed,Not ,No,No,
5939,11-03-17,180,14,48,24,F,137.1,146.4,0,Recapture,Closed,Not ,No,No,
5991,11-04-17,180,15,49,32,F,137.1,146.5,0,Recapture,Closed,Not ,No,No,
6103,11-06-17,180,16,50,32,F,137.1,146.7,1,Recapture,Closed,Not ,No,No,
6128,11-07-17,180,17,51,24,F,137.1,151.2,1,Recapture,Closed,Not ,No,No,
6160,11-08-17,180,18,52,24,F,137.1,151.8,1,Recapture,Closed,Not ,No,No,
6206,11-09-17,180,19,53,24,F,137.1,153.7,0,Recapture,Closed,Not ,No,No,
5234,10/18/2017,181,1,39,25,F,145.4,171.5,0,Recapture,Closed,Not ,No,No,
5369,10/20/2017,181,2,40,25,F,145.4,176.1,0,Recapture,Closed,Not ,No,No,
5403,10/21/2017,181,3,41,25,F,145.4,175,1,Recapture,Closed,Not ,No,No,
5466,10/23/2017,181,4,42,25,F,145.4,181.3,0,Recapture,Closed,Not ,No,No,
5606,10/26/2017,181,5,43,25,F,145.4,187.9,1,Recapture,Closed,Not ,No,No,
5760,10/28/2017,181,6,44,25,F,145.4,188,1,Recapture,Closed,Pregnant,No,Pregnant,
5770,10/29/2017,181,7,45,25,F,145.4,182.7,0,Recapture,Closed,Not ,No,Pregnant,
5857,10/30/2017,181,8,46,26,F,145.4,190.6,1,Recapture,Open,Pregnant,No,Pregnant,
5901,11-02-17,181,9,47,25,F,145.4,197.2,1,Recapture,Closed,Pregnant,No,Pregnant,
5956,11-03-17,181,10,48,26,F,145.4,201.1,1,Recapture,Open,Pregnant,No,Pregnant,
6112,11-07-17,181,11,49,25,F,145.4,203.6,0,Recapture,Closed,Pregnant,No,Pregnant,
6141,11-08-17,181,12,50,25,F,145.4,210.1,0,Recapture,Open,Pregnant,No,Pregnant,
6172,11-09-17,181,13,51,25,F,145.4,211.2,0,Recapture,Closed,Pregnant,No,Pregnant,
5332,10/20/2017,182,1,24,31,F,167.1,193.2,1,Recapture,Open,Not ,No,No,
5413,10/21/2017,182,2,25,16,F,167.1,196.2,1,Recapture,Open,Not ,No,No,
6054,11-05-17,182,3,26,16,F,167.1,226.3,0,Recapture,Open,Pregnant,No,Pregnant,Uncollared
6108,11-07-17,182,4,27,16,F,167.1,223.6,0,Recapture,Open,Pregnant,No,Pregnant,
5213,10/18/2017,183,1,18,31,F,151.2,155,0,Recapture,Closed,Not ,Yes,Yes,
5366,10/20/2017,183,2,19,31,F,151.2,150.5,0,Recapture,Closed,Not ,Yes,Yes,Lactating clear liquid.
5416,10/21/2017,183,3,20,31,F,151.2,156.6,0,Recapture,Closed,Not ,Yes,Yes,
5446,10/23/2017,183,4,21,31,F,151.2,155.6,0,Recapture,Closed,Not ,Yes,Yes,
5511,10/24/2017,183,5,22,31,F,151.2,158.5,0,Recapture,Closed,Not ,Yes,Yes,
5564,10/25/2017,183,6,23,31,F,151.2,159.6,0,Recapture,Closed,Not ,Yes,Yes,
5627,10/26/2017,183,7,24,31,F,151.2,153.8,0,Recapture,Closed,Not ,Yes,Yes,Lactating clear liquid.
5706,10/27/2017,183,8,25,31,F,151.2,151.2,0,Recapture,Closed,Not ,Yes,Yes,Lactating clear liquid.
5788,10/29/2017,183,9,26,31,F,151.2,159,0,Recapture,Closed,Not ,No,No,
5852,10/30/2017,183,10,27,31,F,151.2,156,0,Recapture,Closed,Not ,No,No,Uncollared
6017,11-04-17,183,11,28,16,F,151.2,168.6,0,Recapture,Closed,Not ,No,No,
6088,11-06-17,183,12,29,16,F,151.2,169.3,1,Recapture,Closed,Not ,No,No,
6123,11-07-17,183,13,30,31,F,151.2,168.3,0,Recapture,Closed,Not ,No,No,
5312,10/19/2017,184,1,16,31,F,157.4,156.6,0,Recapture,Closed,Not ,Yes,Yes,
5330,10/20/2017,184,2,17,31,F,157.4,158.2,0,Recapture,Open,Not ,Yes,Yes,
5415,10/21/2017,184,3,18,31,F,157.4,153.9,0,Recapture,Closed,Not ,Yes,Yes,
5459,10/23/2017,184,4,19,31,F,157.4,161.5,0,Recapture,Closed,Not ,Yes,Yes,
5572,10/25/2017,184,5,20,31,F,157.4,159.8,0,Recapture,Closed,Not ,Yes,Yes,Lactating clear liquid.
5631,10/26/2017,184,6,21,31,F,157.4,156.1,0,Recapture,Closed,Not ,Yes,Yes,Lactating clear liquid.
5781,10/29/2017,184,7,22,31,F,157.4,156.2,0,Recapture,Open,Not ,Yes,Yes,Lactating clear liquid.
5859,10/30/2017,184,8,23,31,F,157.4,154.5,0,Recapture,Closed,Not ,Yes,Yes,Uncollared. Lactating clear liquid.
6003,11-04-17,184,9,24,31,F,157.4,163.2,0,Recapture,Closed,Not ,Yes,Yes,Lactating clear liquid.
6052,11-05-17,184,10,25,31,F,157.4,165.1,0,Recapture,Closed,Not ,Yes,Yes,Lactating clear liquid.
5238,10/18/2017,185,1,26,25,M,,151.6,1,Recapture,White spines,Not ,No,m,
5280,10/19/2017,185,2,27,25,M,,154.5,0,Recapture,White spines,Not ,No,m,
5349,10/20/2017,185,3,28,25,M,,150.8,0,Recapture,White spines,Not ,No,m,
5468,10/23/2017,185,4,29,25,M,,154.8,0,Recapture,White spines,Not ,No,m,
5520,10/24/2017,185,5,30,25,M,,154.2,0,Recapture,White spines,Not ,No,m,
5558,10/25/2017,185,6,31,25,M,,150.4,0,Recapture,White spines,Not ,No,m,
5607,10/26/2017,185,7,32,25,M,,151.8,0,Recapture,White spines,Not ,No,m,
5672,10/27/2017,185,8,33,26,M,,156.2,0,Recapture,White spines,Not ,No,m,
5748,10/28/2017,185,9,34,25,M,,152.2,0,Recapture,White spines,Not ,No,m,
5849,10/30/2017,185,10,35,25,M,,153.9,0,Recapture,White spines,Not ,No,m,
5874,10/31/2017,185,11,36,25,M,,152.2,0,Recapture,White spines,Not ,No,m,
5952,11-03-17,185,12,37,25,M,,156.1,0,Recapture,White spines,Not ,No,m,
6025,11-04-17,185,13,38,25,M,,151.3,0,Recapture,White spines,Not ,No,m,
6132,11-07-17,185,14,39,25,M,,159.1,0,Recapture,White spines,Not ,No,m,"Not sure why it's read, looks fine in notebook"
6163,11-08-17,185,15,40,26,M,,155,0,Recapture,White spines,Not ,No,m,
6193,11-09-17,185,16,41,25,M,,154.2,0,Recapture,White spines,Not ,No,m,
5774,10/29/2017,187,1,29,16,F,153,162.8,0,Recapture,Closed,Not ,No,No,
6109,11-07-17,187,2,30,16,F,153,155,0,Recapture,Open,Not ,No,No,Uncollared
5224,10/18/2017,188,1,17,27,F,170.7,176.8,0,Recapture,Open,Not ,Yes,Yes,
5353,10/20/2017,188,2,18,27,F,170.7,171.4,0,Recapture,Open,Not ,Yes,Yes,
5394,10/21/2017,188,3,19,27,F,170.7,172.4,0,Recapture,Open,Not ,Yes,Yes,
5460,10/23/2017,188,4,20,27,F,170.7,179.2,0,Recapture,Open,Not ,Yes,Yes,
5522,10/24/2017,188,5,21,27,F,170.7,177.3,0,Recapture,Closed,Not ,Yes,Yes,
5582,10/25/2017,188,6,22,27,F,170.7,170.9,0,Recapture,Open,Not ,Yes,Yes,
5625,10/26/2017,188,7,23,27,F,170.7,155.4,0,Recapture,Closed,Not ,Yes,Yes,
5666,10/27/2017,188,8,24,27,F,170.7,162.9,0,Recapture,Closed,Not ,Yes,Yes,
5722,10/28/2017,188,9,25,27,F,170.7,169.2,0,Recapture,Closed,Not ,Yes,Yes,
5810,10/29/2017,188,10,26,27,F,170.7,165,0,Recapture,Closed,Not ,Yes,Yes,
5879,10/31/2017,188,11,27,27,F,170.7,166.7,0,Recapture,Closed,Not ,Yes,Yes,
5899,11-02-17,188,12,28,27,F,170.7,167.6,0,Recapture,Closed,Not ,Yes,Yes,Uncollared
5958,11-03-17,188,13,29,27,F,170.7,167,0,Recapture,Closed,Not ,Yes,Yes,
6031,11-04-17,188,14,30,27,F,170.7,164,0,Recapture,Closed,Not ,Yes,Yes,
6047,11-05-17,188,15,31,27,F,170.7,169.8,0,Recapture,Closed,Not ,Yes,Yes,
6076,11-06-17,188,16,32,27,F,170.7,162.7,0,Recapture,Closed,Not ,Yes,Yes,
6117,11-07-17,188,17,33,27,F,170.7,165.1,0,Recapture,Closed,Not ,Yes,Yes,
6159,11-08-17,188,18,34,27,F,170.7,170.7,0,Recapture,Closed,Not ,Yes,Yes,
6196,11-09-17,188,19,35,27,F,170.7,160.6,0,Recapture,Closed,Not ,Yes,Yes,
5278,10/19/2017,189,1,29,30,F,177.2,213.9,0,Recapture,Closed,Not ,Yes,Yes,Lactating clear liquid.
5339,10/20/2017,189,2,30,27,F,177.2,211.4,0,Recapture,Open,Not ,Yes,Yes,Lactating clear liquid.
5399,10/21/2017,189,3,31,30,F,177.2,207.6,1,Recapture,Open,Not ,No,No,
5465,10/23/2017,189,4,32,27,F,177.2,219.4,1,Recapture,Open,Not ,Yes,Yes,Lactating clear liquid.
5523,10/24/2017,189,5,33,27,F,177.2,220.3,0,Recapture,Open,Pregnant,No,Pregnant,
5581,10/25/2017,189,6,34,27,F,177.2,219.5,0,Recapture,Closed,Not ,No,Pregnant,
5623,10/26/2017,189,7,35,27,F,177.2,215.9,0,Recapture,Open,Not ,No,Pregnant,
5665,10/27/2017,189,8,36,27,F,177.2,221.1,0,Recapture,Open,Pregnant,No,Pregnant,
5721,10/28/2017,189,9,37,27,F,177.2,222.1,0,Recapture,Open,Pregnant,No,Pregnant,
5805,10/29/2017,189,10,38,27,F,177.2,217.8,1,Recapture,Closed,Pregnant,No,Pregnant,
5847,10/30/2017,189,11,39,27,F,177.2,218.7,1,Recapture,Open,Not ,No,Pregnant,Uncollared
5878,10/31/2017,189,12,40,30,F,177.2,224.3,1,Recapture,Open,Pregnant,No,Pregnant,
5912,11-02-17,189,13,41,27,F,177.2,182.9,1,Recapture,Open,Not ,Yes,Yes,
5966,11-03-17,189,14,42,27,F,177.2,183.7,1,Recapture,Open,Not ,Yes,Yes,
6023,11-04-17,189,15,43,27,F,177.2,179.7,1,Recapture,Open,Not ,Yes,Yes,
6077,11-06-17,189,16,44,27,F,177.2,179,0,Recapture,Open,Not ,Yes,Yes,Lactating clear liquid.
6119,11-07-17,189,17,45,27,F,177.2,174.3,0,Recapture,Open,Not ,No,No,
6182,11-09-17,189,18,46,27,F,177.2,180.4,0,Recapture,Open,Not ,Yes,Yes,Lactating clear liquid.
